{"accuracy": [0.4979262053966522, 0.5008581280708313, 0.5020738244056702, 0.4936355948448181, 0.5007866024971008, 0.4922768771648407, 0.4987843334674835, 0.4982122480869293, 0.4894164800643921, 0.4971396028995514, 0.505577802658081, 0.4979262053966522, 0.49842676520347595, 0.5016447305679321, 0.4959239065647125, 0.4988558292388916, 0.49949944019317627, 0.48927345871925354, 0.49442219734191895, 0.49528032541275024], "loss": [0.7499180436134338, 0.6947512626647949, 0.6936150193214417, 0.6934215426445007, 0.6933258771896362, 0.6932876110076904, 0.693183422088623, 0.6931803226470947, 0.6931950449943542, 0.6932014226913452, 0.6932128071784973, 0.6932774782180786, 0.6932304501533508, 0.6931880712509155, 0.6932056546211243, 0.69318026304245, 0.6931726336479187, 0.6931912302970886, 0.6931875944137573, 0.6931832432746887], "val_accuracy": [0.4989919364452362, 0.5003360509872437, 0.4989919364452362, 0.49966397881507874, 0.5, 0.5006720423698425, 0.5003360509872437, 0.5006720423698425, 0.5, 0.49932795763015747, 0.49966397881507874, 0.49865591526031494, 0.5006720423698425, 0.5006720423698425, 0.5, 0.5006720423698425, 0.5003360509872437, 0.49865591526031494, 0.5, 0.5], "val_loss": [0.6961232423782349, 0.6937698125839233, 0.6935191750526428, 0.6932129263877869, 0.6932066082954407, 0.6931701302528381, 0.6931504011154175, 0.6931462287902832, 0.6931472420692444, 0.6931472420692444, 0.6932213306427002, 0.6931688189506531, 0.6931481957435608, 0.693165123462677, 0.6931487321853638, 0.6931464076042175, 0.6931490302085876, 0.6931542158126831, 0.693148136138916, 0.6931470632553101]}