{"accuracy": [0.544550895690918, 0.5878861546516418, 0.6291475892066956, 0.6856407523155212, 0.7630863785743713, 0.8791475892066956, 0.9207665920257568, 0.9380720853805542, 0.9518020749092102, 0.9589530825614929, 0.9682494401931763, 0.9721109867095947, 0.9728975892066956, 0.9783324003219604, 0.9816218614578247, 0.9808352589607239, 0.9836956262588501, 0.9857694506645203, 0.98777174949646, 0.9874857068061829, 0.9904175996780396, 0.9902746081352234, 0.9899885654449463, 0.9907751679420471, 0.9919193387031555, 0.9917048215866089, 0.9938501119613647, 0.994422197341919, 0.9932780265808105, 0.9937071204185486], "loss": [1.0140408277511597, 0.8340499997138977, 0.7526832222938538, 0.6851366758346558, 0.5775411128997803, 0.3830183148384094, 0.2858567535877228, 0.24167174100875854, 0.21376319229602814, 0.19252946972846985, 0.16799914836883545, 0.1574615091085434, 0.14947018027305603, 0.1367511749267578, 0.12704937160015106, 0.12463275343179703, 0.11595174670219421, 0.10863044112920761, 0.10347996652126312, 0.10356079787015915, 0.09309346228837967, 0.09453956037759781, 0.09086280316114426, 0.08753018081188202, 0.08560522645711899, 0.08376362174749374, 0.07742217928171158, 0.07664788514375687, 0.07680046558380127, 0.07372428476810455], "val_accuracy": [0.570900559425354, 0.5107526779174805, 0.625, 0.632056474685669, 0.8212365508079529, 0.9102822542190552, 0.9344757795333862, 0.9408602118492126, 0.9438844323158264, 0.9485887289047241, 0.9566532373428345, 0.9637096524238586, 0.9727822542190552, 0.9637096524238586, 0.9707661271095276, 0.9784946441650391, 0.9610214829444885, 0.9781585931777954, 0.9754704236984253, 0.9795026779174805, 0.977150559425354, 0.9506048560142517, 0.9791666865348816, 0.9734542965888977, 0.9808467626571655, 0.9821908473968506, 0.980174720287323, 0.9788306355476379, 0.9704301357269287, 0.9831989407539368], "val_loss": [0.8910044431686401, 0.8311024308204651, 0.7428414821624756, 0.7310979962348938, 0.48788705468177795, 0.3228470981121063, 0.26126745343208313, 0.23855096101760864, 0.2252430021762848, 0.21425728499889374, 0.19490648806095123, 0.17293047904968262, 0.15724124014377594, 0.17011694610118866, 0.15804506838321686, 0.13843350112438202, 0.18341702222824097, 0.13805176317691803, 0.14581985771656036, 0.12835396826267242, 0.13178816437721252, 0.22189733386039734, 0.12985779345035553, 0.15312737226486206, 0.12379270046949387, 0.11595267802476883, 0.1229674220085144, 0.12456586956977844, 0.16460669040679932, 0.11170773208141327]}