{"accuracy": [0.5499141812324524, 0.7128146290779114, 0.8133581280708313, 0.8477545976638794, 0.8765732049942017, 0.9138301014900208, 0.9460097551345825, 0.964530885219574, 0.9719679355621338, 0.9780463576316833, 0.9818363785743713, 0.9864130616188049, 0.9856979250907898, 0.9885583519935608, 0.99048912525177, 0.9892019629478455, 0.9885583519935608, 0.9902030825614929, 0.9931350350379944, 0.9899170398712158, 0.993349552154541, 0.9919193387031555, 0.9932065010070801, 0.9930635094642639, 0.9943506717681885, 0.9943506717681885, 0.9954948425292969, 0.9947797656059265, 0.9927059412002563, 0.9959954023361206, 0.9960669279098511, 0.9952803254127502, 0.9936355948448181, 0.9964244961738586, 0.9970681071281433, 0.994422197341919, 0.9943506717681885, 0.9967820644378662, 0.997139573097229, 0.9962814450263977], "loss": [0.6969658136367798, 0.562092661857605, 0.4155118763446808, 0.3446900248527527, 0.297394335269928, 0.22498175501823425, 0.15298616886138916, 0.1076599583029747, 0.09261081367731094, 0.07534423470497131, 0.06179742515087128, 0.05120706930756569, 0.054752789437770844, 0.04519036412239075, 0.04012604430317879, 0.04527207091450691, 0.04706806689500809, 0.039544183760881424, 0.034874893724918365, 0.04355321452021599, 0.033356018364429474, 0.03805793449282646, 0.034019891172647476, 0.03554694354534149, 0.0318460538983345, 0.03235287591814995, 0.02858084812760353, 0.03048098087310791, 0.03568801283836365, 0.029571393504738808, 0.028599916025996208, 0.030137810856103897, 0.03446488827466965, 0.025397950783371925, 0.024550318717956543, 0.030042314901947975, 0.033228255808353424, 0.024862000718712807, 0.02544812113046646, 0.024661237373948097], "val_accuracy": [0.5544354915618896, 0.7956989407539368, 0.8306451439857483, 0.866599440574646, 0.8706316947937012, 0.9200268983840942, 0.9553091526031494, 0.9653897881507874, 0.9711021780967712, 0.9737903475761414, 0.9623655676841736, 0.9697580933570862, 0.9764785170555115, 0.9835349321365356, 0.9700940847396851, 0.9831989407539368, 0.9721102118492126, 0.9831989407539368, 0.9889112710952759, 0.9835349321365356, 0.9808467626571655, 0.9882392287254333, 0.9865591526031494, 0.9862231016159058, 0.9842069745063782, 0.9828628897666931, 0.9892473220825195, 0.9784946441650391, 0.9858871102333069, 0.9858871102333069, 0.9811828136444092, 0.9902553558349609, 0.9899193644523621, 0.9902553558349609, 0.980174720287323, 0.9892473220825195, 0.9919354915618896, 0.9919354915618896, 0.9868951439857483, 0.9909273982048035], "val_loss": [0.6920790076255798, 0.4210338294506073, 0.3631221354007721, 0.30526408553123474, 0.297871470451355, 0.21393892168998718, 0.12168359011411667, 0.10703373700380325, 0.08811084181070328, 0.08457712829113007, 0.13485868275165558, 0.10176091641187668, 0.07042258232831955, 0.065886490046978, 0.1029088944196701, 0.07206295430660248, 0.09659097343683243, 0.062075503170490265, 0.04386640712618828, 0.06097904220223427, 0.07590854912996292, 0.055243439972400665, 0.061979375779628754, 0.05998622253537178, 0.08109809458255768, 0.08154792338609695, 0.05218382179737091, 0.091733418405056, 0.07275312393903732, 0.06942066550254822, 0.10304222255945206, 0.05980012193322182, 0.0450584776699543, 0.05191689729690552, 0.11716236919164658, 0.05865811929106712, 0.04259469360113144, 0.037542253732681274, 0.056597501039505005, 0.04991821199655533]}