{"accuracy": [0.5102974772453308, 0.5632866024971008, 0.5991848111152649, 0.6817792057991028, 0.7393449544906616, 0.7728832960128784, 0.7929061651229858, 0.8421767950057983, 0.8960240483283997, 0.9236984848976135, 0.9397883415222168, 0.9400028586387634, 0.9495852589607239, 0.9555920958518982, 0.9598112106323242, 0.9578089118003845, 0.9633151888847351, 0.9636727571487427, 0.9668192267417908, 0.9643878936767578], "loss": [0.7384046912193298, 0.6854049563407898, 0.6702991127967834, 0.599195659160614, 0.5271146297454834, 0.4758512079715729, 0.43878811597824097, 0.3600604236125946, 0.2573928236961365, 0.2013455033302307, 0.16444671154022217, 0.1584613025188446, 0.14367569983005524, 0.12959225475788116, 0.12159525603055954, 0.12064671516418457, 0.10996977984905243, 0.10850824415683746, 0.10277401655912399, 0.10506745427846909], "val_accuracy": [0.511424720287323, 0.5924059152603149, 0.6955645084381104, 0.7281585931777954, 0.7715053558349609, 0.7819220423698425, 0.8141801357269287, 0.8874328136444092, 0.9317876100540161, 0.9270833134651184, 0.9348118305206299, 0.9630376100540161, 0.9475806355476379, 0.960349440574646, 0.9600134491920471, 0.9690860509872437, 0.9519489407539368, 0.960349440574646, 0.9684139490127563, 0.9647177457809448], "val_loss": [0.6946577429771423, 0.6796716451644897, 0.6245449185371399, 0.5454137325286865, 0.4856739342212677, 0.4722544848918915, 0.4071294665336609, 0.2703056037425995, 0.18346665799617767, 0.18683810532093048, 0.17180152237415314, 0.11154430359601974, 0.1577783226966858, 0.11476697027683258, 0.11642073839902878, 0.09174681454896927, 0.14864705502986908, 0.1190132424235344, 0.09240540862083435, 0.10086367279291153]}