{"accuracy": [0.5532751679420471, 0.7354834079742432, 0.9117562770843506, 0.9426487684249878, 0.9538758397102356, 0.9640303254127502, 0.971181333065033, 0.9757580161094666, 0.9793335199356079, 0.9794765710830688, 0.9832665920257568, 0.9714673757553101, 0.9834811091423035, 0.9889159202575684, 0.9879862666130066, 0.9871281385421753, 0.9909182190895081, 0.9902030825614929, 0.9905606508255005, 0.9916332960128784], "loss": [0.6918154358863831, 0.5060973167419434, 0.22744692862033844, 0.1591562181711197, 0.12627847492694855, 0.10404366999864578, 0.09167323261499405, 0.0762014240026474, 0.07115771621465683, 0.06928151100873947, 0.061699021607637405, 0.08960634469985962, 0.0603284053504467, 0.04589490219950676, 0.05008329078555107, 0.05162574350833893, 0.041460566222667694, 0.04366327449679375, 0.04503801465034485, 0.03988037258386612], "val_accuracy": [0.6075268983840942, 0.8985214829444885, 0.9297714829444885, 0.9479166865348816, 0.9637096524238586, 0.9734542965888977, 0.9707661271095276, 0.9714381694793701, 0.9741263389587402, 0.980174720287323, 0.9633736610412598, 0.9711021780967712, 0.9791666865348816, 0.9835349321365356, 0.9684139490127563, 0.9637096524238586, 0.9727822542190552, 0.9727822542190552, 0.9714381694793701, 0.9734542965888977], "val_loss": [0.6640215516090393, 0.2733061611652374, 0.17866984009742737, 0.14165425300598145, 0.10543107241392136, 0.08664465695619583, 0.09824419766664505, 0.0883418470621109, 0.08581869304180145, 0.07139162719249725, 0.11523996293544769, 0.09831833839416504, 0.07630262523889542, 0.062473103404045105, 0.1353444904088974, 0.12458286434412003, 0.09695786982774734, 0.09749602526426315, 0.10883873701095581, 0.10370352864265442]}