{"accuracy": [0.5534896850585938, 0.7489273548126221, 0.898240864276886, 0.9395022988319397, 0.9568077921867371, 0.9673197865486145, 0.9766876697540283, 0.9799771308898926, 0.9790474772453308, 0.9841247200965881, 0.9858409762382507, 0.9864845275878906, 0.9871281385421753, 0.9878432750701904, 0.9896309971809387, 0.9902030825614929, 0.9916332960128784, 0.9924914240837097, 0.9926344156265259, 0.9929919838905334, 0.9916332960128784, 0.9920623302459717, 0.9949227571487427, 0.9937071204185486, 0.9931350350379944, 0.9952803254127502, 0.9943506717681885, 0.994422197341919, 0.9955663681030273, 0.9952803254127502, 0.9958524107933044, 0.9950658082962036, 0.9955663681030273, 0.9944937229156494, 0.9946367144584656, 0.9967105388641357, 0.9964960217475891, 0.9949942827224731, 0.996209979057312, 0.9960669279098511], "loss": [0.6960034370422363, 0.5164718627929688, 0.2587238550186157, 0.17146915197372437, 0.12676331400871277, 0.09717805683612823, 0.07526060193777084, 0.0693419873714447, 0.07178942859172821, 0.05651455372571945, 0.056017275899648666, 0.05232832208275795, 0.04895075038075447, 0.04845042526721954, 0.04611336067318916, 0.04268234223127365, 0.03865858167409897, 0.03693952038884163, 0.0357438400387764, 0.038069963455200195, 0.03999566659331322, 0.03828840330243111, 0.03254231810569763, 0.03489193692803383, 0.03332056105136871, 0.030900929123163223, 0.03259899839758873, 0.033626336604356766, 0.029367290437221527, 0.03178323432803154, 0.02969568967819214, 0.028380416333675385, 0.028925422579050064, 0.0331948958337307, 0.031111983582377434, 0.0267285518348217, 0.02538904920220375, 0.030460549518465996, 0.027123263105750084, 0.02813081629574299], "val_accuracy": [0.6323924660682678, 0.8659273982048035, 0.9277553558349609, 0.9425403475761414, 0.9694220423698425, 0.9747983813285828, 0.9764785170555115, 0.980174720287323, 0.9754704236984253, 0.96875, 0.975806474685669, 0.9744623899459839, 0.9842069745063782, 0.9737903475761414, 0.9815188050270081, 0.9774865508079529, 0.9842069745063782, 0.9808467626571655, 0.9653897881507874, 0.9828628897666931, 0.9788306355476379, 0.9744623899459839, 0.9724462628364563, 0.9825268983840942, 0.9818548560142517, 0.9744623899459839, 0.9845430254936218, 0.9838709831237793, 0.9858871102333069, 0.9862231016159058, 0.9828628897666931, 0.9882392287254333, 0.9865591526031494, 0.9835349321365356, 0.9868951439857483, 0.9868951439857483, 0.9845430254936218, 0.9868951439857483, 0.9899193644523621, 0.9848790168762207], "val_loss": [0.6406809687614441, 0.32523858547210693, 0.1958727091550827, 0.17184552550315857, 0.10377832502126694, 0.0815819799900055, 0.08839533478021622, 0.0706339180469513, 0.09103415906429291, 0.1074148640036583, 0.08515546470880508, 0.09784989804029465, 0.05974965542554855, 0.09741761535406113, 0.07661377638578415, 0.08443626016378403, 0.07487703859806061, 0.08456665277481079, 0.1360730230808258, 0.07568344473838806, 0.09742753952741623, 0.12064079940319061, 0.11831556260585785, 0.07987853139638901, 0.07596511393785477, 0.11113954335451126, 0.08749943226575851, 0.08357112854719162, 0.06100783869624138, 0.07601498812437057, 0.06566508859395981, 0.0750199407339096, 0.0544390045106411, 0.0956912636756897, 0.05302688106894493, 0.0638682022690773, 0.06991618126630783, 0.04969591647386551, 0.053922589868307114, 0.08177150040864944]}