{"accuracy": [0.5441933870315552, 0.6512442827224731, 0.7904033064842224, 0.8525457382202148, 0.8977402448654175, 0.9353547096252441, 0.9528747200965881, 0.9643163681030273, 0.971610426902771, 0.9723255038261414, 0.9764730930328369, 0.9823369383811951, 0.9833381175994873, 0.9839102029800415, 0.9860554933547974, 0.9866275787353516, 0.9884868264198303, 0.986270010471344, 0.9899170398712158, 0.9889159202575684], "loss": [0.7038249969482422, 0.6278043389320374, 0.4661141037940979, 0.3561958074569702, 0.25992551445961, 0.1754656881093979, 0.1363951712846756, 0.10940660536289215, 0.09381254017353058, 0.08707670122385025, 0.08000777661800385, 0.06605817377567291, 0.06166969984769821, 0.05874770134687424, 0.05350353568792343, 0.05330758914351463, 0.04904581978917122, 0.05036742985248566, 0.04307713359594345, 0.04433704912662506], "val_accuracy": [0.5584677457809448, 0.7032930254936218, 0.8471102118492126, 0.8709677457809448, 0.9331316947937012, 0.9479166865348816, 0.9600134491920471, 0.9650537371635437, 0.9563171863555908, 0.9700940847396851, 0.9700940847396851, 0.9798387289047241, 0.9734542965888977, 0.9741263389587402, 0.9788306355476379, 0.9788306355476379, 0.9788306355476379, 0.9788306355476379, 0.9778226017951965, 0.9768145084381104], "val_loss": [0.6977035999298096, 0.5970461964607239, 0.3630543053150177, 0.29701876640319824, 0.18247586488723755, 0.16427816450595856, 0.12599016726016998, 0.12209916114807129, 0.1477060168981552, 0.09419421851634979, 0.10395437479019165, 0.0747777447104454, 0.09747935831546783, 0.09854303300380707, 0.08740800619125366, 0.07711153477430344, 0.0841212198138237, 0.07398203015327454, 0.09043333679437637, 0.09053172171115875]}