{"accuracy": [0.5247425436973572, 0.5665760636329651, 0.597540020942688, 0.7456378936767578, 0.8681350350379944, 0.9007437229156494, 0.926201343536377, 0.9442219734191895, 0.9506579041481018, 0.9558781385421753, 0.9599542617797852, 0.967391312122345, 0.9666761755943298, 0.9693936109542847, 0.9715389013290405, 0.9741848111152649, 0.9748283624649048, 0.9766876697540283, 0.9776887893676758, 0.9783324003219604], "loss": [0.7374480366706848, 0.6850810647010803, 0.6727738976478577, 0.5233420133590698, 0.3192099928855896, 0.24547597765922546, 0.19909586012363434, 0.15946230292320251, 0.14237317442893982, 0.1288570612668991, 0.1209336668252945, 0.1047452837228775, 0.1049410030245781, 0.0972353145480156, 0.09097142517566681, 0.08899073302745819, 0.08747109025716782, 0.08215819299221039, 0.07747705280780792, 0.07730845361948013], "val_accuracy": [0.5692204236984253, 0.5772849321365356, 0.5584677457809448, 0.8471102118492126, 0.9126344323158264, 0.9206989407539368, 0.9425403475761414, 0.9556451439857483, 0.9610214829444885, 0.9700940847396851, 0.9667338728904724, 0.9684139490127563, 0.961693525314331, 0.9549731016159058, 0.9653897881507874, 0.9741263389587402, 0.9566532373428345, 0.9747983813285828, 0.9593414068222046, 0.9637096524238586], "val_loss": [0.6824905872344971, 0.6830990314483643, 0.6642528772354126, 0.37842971086502075, 0.2349667102098465, 0.20513392984867096, 0.18577061593532562, 0.13229088485240936, 0.12599821388721466, 0.09622436761856079, 0.10644199699163437, 0.10931998491287231, 0.1481897383928299, 0.19607701897621155, 0.12048335373401642, 0.09844119846820831, 0.15286904573440552, 0.09208204597234726, 0.18628665804862976, 0.1339886635541916]}