{"accuracy": [0.9932780265808105, 0.9965674877166748, 0.9959239363670349, 0.9942076802253723, 0.9959239363670349, 0.9952803254127502, 0.997139573097229, 0.9952087998390198, 0.9957093596458435, 0.994422197341919, 0.9960669279098511, 0.995780885219574, 0.9988558292388916, 0.9912757277488708, 0.9990703463554382, 0.9961384534835815, 0.9958524107933044, 0.9958524107933044, 0.9967820644378662, 0.9963529706001282, 0.9952803254127502, 0.9969965815544128, 0.9976401329040527, 0.9956378936767578, 0.9967820644378662, 0.9969965815544128, 0.9980692267417908, 0.9960669279098511, 0.9967820644378662, 0.9970681071281433], "loss": [0.0735575333237648, 0.06482012569904327, 0.06434185057878494, 0.06663390249013901, 0.061005476862192154, 0.06210772693157196, 0.05758872255682945, 0.05985438823699951, 0.057318925857543945, 0.06020236760377884, 0.054926980286836624, 0.056307949125766754, 0.04772152751684189, 0.06801117211580276, 0.046590838581323624, 0.05233871936798096, 0.05189284309744835, 0.05194718390703201, 0.0482589416205883, 0.04994243010878563, 0.054716192185878754, 0.04722774028778076, 0.04424985125660896, 0.050490960478782654, 0.04716935753822327, 0.04509392008185387, 0.041436731815338135, 0.04792216792702675, 0.04548407718539238, 0.04461822658777237], "val_accuracy": [0.9781585931777954, 0.9795026779174805, 0.9569892287254333, 0.9815188050270081, 0.9828628897666931, 0.9821908473968506, 0.9835349321365356, 0.9838709831237793, 0.9811828136444092, 0.9842069745063782, 0.9835349321365356, 0.9838709831237793, 0.9852150678634644, 0.9808467626571655, 0.9855510592460632, 0.9808467626571655, 0.9855510592460632, 0.9848790168762207, 0.9838709831237793, 0.9781585931777954, 0.9848790168762207, 0.9845430254936218, 0.9862231016159058, 0.9808467626571655, 0.9818548560142517, 0.9865591526031494, 0.9811828136444092, 0.9865591526031494, 0.9831989407539368, 0.9862231016159058], "val_loss": [0.12541227042675018, 0.1171339601278305, 0.21580101549625397, 0.11806934326887131, 0.10543730109930038, 0.11787563562393188, 0.10859547555446625, 0.10928522050380707, 0.10546047240495682, 0.10107206553220749, 0.10062146931886673, 0.10041574388742447, 0.09631402045488358, 0.10465527325868607, 0.0955638587474823, 0.11631333082914352, 0.09630299359560013, 0.09233265370130539, 0.09427051246166229, 0.11837997287511826, 0.0904383584856987, 0.09318386763334274, 0.09132635593414307, 0.09735636413097382, 0.09301990270614624, 0.08611780405044556, 0.11863701045513153, 0.0808425173163414, 0.09514053165912628, 0.08178472518920898]}