{"accuracy": [0.6887871623039246, 0.7319794297218323, 0.7713100910186768, 0.801487386226654, 0.8265875577926636], "loss": [0.5956900715827942, 0.5301598906517029, 0.4766138195991516, 0.42687949538230896, 0.3841491639614105], "val_accuracy": [0.7281585931777954, 0.7755376100540161, 0.7967069745063782, 0.8383736610412598, 0.8561828136444092], "val_loss": [0.5402947068214417, 0.4755403697490692, 0.431321918964386, 0.368500292301178, 0.33273759484291077]}